Workbook

Sheet Start
A1: GATE 2027 · CS · Final-120-Days Tracker
A2: Kalpa Labs · Kit v1.0 · personal licence
A4: How to use
A5: 1. Plan tab: pick your exam date (it will be on your admit card). The countdown and plan update every day.
A6: 2. Syllabus tab: mark each topic Not started / Learning / Done. When you mark Done, type the date: revision dates appear (1, 3, 7, 21 days).
A7: 3. Daily log tab: type the hours you studied each day. Your streak counts itself.
A8: 4. Week tab: your hours this week and what's due for revision.
A10: Not an official GATE product. Dates and syllabus: gate2027.iitm.ac.in. Yellow cells are yours; don't type over white ones.
A11: Kalpa Labs · Udyam UDYAM-TS-02-0382711 · aakhiil51458@gmail.com

Sheet Plan
A1: Countdown and plan
A2: Exam days: 6, 7, 13, 14, 20, 21 Feb 2027 (IIT Madras)
A4: My exam date | B4: 46424
A5: Today | B5: =TODAY()
A6: Days left | B6: =MAX(0,B4-B5)
A7: Topics done | B7: =COUNTIF(Syllabus!C:C,"Done")&" of "&COUNTA(Syllabus!B5:B200)
A8: Syllabus done | B8: =IF(COUNTA(Syllabus!B5:B200)=0,0,COUNTIF(Syllabus!C:C,"Done")/COUNTA(Syllabus!B5:B200))
A9: Hours I can study a day | B9: 5
A10: Topics left ÷ days left (topics a day) | B10: =IF(B6=0,0,ROUND((COUNTA(Syllabus!B5:B200)-COUNTIF(Syllabus!C:C,"Done"))/B6,2))
A11: Current streak (days) | B11: ='Daily log'!F3
A12: Revisions due today or overdue | B12: =COUNTIFS(Syllabus!F5:F200,"<="&TODAY(),Syllabus!C5:C200,"Done")

Sheet Syllabus
A1: Syllabus checklist · GATE 2027 CS
A2: Revised syllabus applied (2027 changes marked) · check gate2027.iitm.ac.in
A4: Subject | B4: Topic | C4: Status | D4: Done on | E4: Revisions done | F4: Next revision | G4: Due?
A5: Engineering Mathematics | B5: Discrete Mathematics: propositional and first-order logic | C5: Not started | E5: 0 | F5: =IF(AND(C5="Done",ISNUMBER(D5),E5<4),D5+CHOOSE(E5+1,1,3,7,21),"") | G5: =IF(F5="","",IF(F5<=TODAY(),"Revise","Later"))
A6: Engineering Mathematics | B6: Sets, relations, functions, partial orders, lattices | C6: Not started | E6: 0 | F6: =IF(AND(C6="Done",ISNUMBER(D6),E6<4),D6+CHOOSE(E6+1,1,3,7,21),"") | G6: =IF(F6="","",IF(F6<=TODAY(),"Revise","Later"))
A7: Engineering Mathematics | B7: Monoids, groups | C7: Not started | E7: 0 | F7: =IF(AND(C7="Done",ISNUMBER(D7),E7<4),D7+CHOOSE(E7+1,1,3,7,21),"") | G7: =IF(F7="","",IF(F7<=TODAY(),"Revise","Later"))
A8: Engineering Mathematics | B8: Graphs: connectivity, matching, colouring | C8: Not started | E8: 0 | F8: =IF(AND(C8="Done",ISNUMBER(D8),E8<4),D8+CHOOSE(E8+1,1,3,7,21),"") | G8: =IF(F8="","",IF(F8<=TODAY(),"Revise","Later"))
A9: Engineering Mathematics | B9: Combinatorics: counting, recurrences, generating functions | C9: Not started | E9: 0 | F9: =IF(AND(C9="Done",ISNUMBER(D9),E9<4),D9+CHOOSE(E9+1,1,3,7,21),"") | G9: =IF(F9="","",IF(F9<=TODAY(),"Revise","Later"))
A10: Engineering Mathematics | B10: Linear Algebra: matrices, determinants, systems of linear equations | C10: Not started | E10: 0 | F10: =IF(AND(C10="Done",ISNUMBER(D10),E10<4),D10+CHOOSE(E10+1,1,3,7,21),"") | G10: =IF(F10="","",IF(F10<=TODAY(),"Revise","Later"))
A11: Engineering Mathematics | B11: Eigenvalues and eigenvectors, LU decomposition | C11: Not started | E11: 0 | F11: =IF(AND(C11="Done",ISNUMBER(D11),E11<4),D11+CHOOSE(E11+1,1,3,7,21),"") | G11: =IF(F11="","",IF(F11<=TODAY(),"Revise","Later"))
A12: Engineering Mathematics | B12: Calculus: limits, continuity, differentiability, maxima and minima, mean value theorem, integration | C12: Not started | E12: 0 | F12: =IF(AND(C12="Done",ISNUMBER(D12),E12<4),D12+CHOOSE(E12+1,1,3,7,21),"") | G12: =IF(F12="","",IF(F12<=TODAY(),"Revise","Later"))
A13: Engineering Mathematics | B13: Probability: random variables, uniform, normal, exponential, Poisson, binomial | C13: Not started | E13: 0 | F13: =IF(AND(C13="Done",ISNUMBER(D13),E13<4),D13+CHOOSE(E13+1,1,3,7,21),"") | G13: =IF(F13="","",IF(F13<=TODAY(),"Revise","Later"))
A14: Engineering Mathematics | B14: Mean, median, mode, standard deviation; conditional probability, Bayes | C14: Not started | E14: 0 | F14: =IF(AND(C14="Done",ISNUMBER(D14),E14<4),D14+CHOOSE(E14+1,1,3,7,21),"") | G14: =IF(F14="","",IF(F14<=TODAY(),"Revise","Later"))
A15: Digital Logic | B15: Boolean algebra | C15: Not started | E15: 0 | F15: =IF(AND(C15="Done",ISNUMBER(D15),E15<4),D15+CHOOSE(E15+1,1,3,7,21),"") | G15: =IF(F15="","",IF(F15<=TODAY(),"Revise","Later"))
A16: Digital Logic | B16: Combinational circuits | C16: Not started | E16: 0 | F16: =IF(AND(C16="Done",ISNUMBER(D16),E16<4),D16+CHOOSE(E16+1,1,3,7,21),"") | G16: =IF(F16="","",IF(F16<=TODAY(),"Revise","Later"))
... A69: General Aptitude | B69: Spatial aptitude | C69: Not started | E69: 0 | F69: =IF(AND(C69="Done",ISNUMBER(D69),E69<4),D69+CHOOSE(E69+1,1,3,7,21),"") | G69: =IF(F69="","",IF(F69<=TODAY(),"Revise","Later"))
A71: When you revise a topic, add 1 to 'Revisions done' and type today's date in 'Done on'. After 4 revisions it's off the list.

Sheet Daily log
A1: Daily log
A2: Type the hours you studied · the streak counts consecutive days with hours > 0
A3: Total hours | B3: =SUM(B6:B126) | E3: Current streak | F3: =IFERROR(IF(N(INDEX(B6:B126,MATCH(TODAY(),A6:A126,0)))>0,INDEX(E6:E126,MATCH(TODAY(),A6:A126,0)),IF(MATCH(TODAY(),A6:A126,0)>1,INDEX(E6:E126,MATCH(TODAY(),A6:A126,0)-1),0)),0)
A5: Date | B5: Hours | C5: Subject (optional) | D5: Questions solved | E5: Streak
A6: =Plan!$B$4-120 | E6: =IF(N(B6)>0,1,0)
A7: =Plan!$B$4-119 | E7: =IF(N(B7)>0,E6+1,0)
A8: =Plan!$B$4-118 | E8: =IF(N(B8)>0,E7+1,0)
A9: =Plan!$B$4-117 | E9: =IF(N(B9)>0,E8+1,0)
A10: =Plan!$B$4-116 | E10: =IF(N(B10)>0,E9+1,0)
A11: =Plan!$B$4-115 | E11: =IF(N(B11)>0,E10+1,0)
A12: =Plan!$B$4-114 | E12: =IF(N(B12)>0,E11+1,0)
A13: =Plan!$B$4-113 | E13: =IF(N(B13)>0,E12+1,0)
A14: =Plan!$B$4-112 | E14: =IF(N(B14)>0,E13+1,0)
A15: =Plan!$B$4-111 | E15: =IF(N(B15)>0,E14+1,0)
A16: =Plan!$B$4-110 | E16: =IF(N(B16)>0,E15+1,0)
A17: =Plan!$B$4-109 | E17: =IF(N(B17)>0,E16+1,0)
A18: =Plan!$B$4-108 | E18: =IF(N(B18)>0,E17+1,0)
A19: =Plan!$B$4-107 | E19: =IF(N(B19)>0,E18+1,0)
A20: =Plan!$B$4-106 | E20: =IF(N(B20)>0,E19+1,0)
A21: =Plan!$B$4-105 | E21: =IF(N(B21)>0,E20+1,0)
A22: =Plan!$B$4-104 | E22: =IF(N(B22)>0,E21+1,0)
A23: =Plan!$B$4-103 | E23: =IF(N(B23)>0,E22+1,0)
A24: =Plan!$B$4-102 | E24: =IF(N(B24)>0,E23+1,0)
A25: =Plan!$B$4-101 | E25: =IF(N(B25)>0,E24+1,0)
A26: =Plan!$B$4-100 | E26: =IF(N(B26)>0,E25+1,0)
A27: =Plan!$B$4-99 | E27: =IF(N(B27)>0,E26+1,0)
A28: =Plan!$B$4-98 | E28: =IF(N(B28)>0,E27+1,0)
A29: =Plan!$B$4-97 | E29: =IF(N(B29)>0,E28+1,0)
A30: =Plan!$B$4-96 | E30: =IF(N(B30)>0,E29+1,0)
A31: =Plan!$B$4-95 | E31: =IF(N(B31)>0,E30+1,0)
A32: =Plan!$B$4-94 | E32: =IF(N(B32)>0,E31+1,0)
A33: =Plan!$B$4-93 | E33: =IF(N(B33)>0,E32+1,0)
A34: =Plan!$B$4-92 | E34: =IF(N(B34)>0,E33+1,0)
A35: =Plan!$B$4-91 | E35: =IF(N(B35)>0,E34+1,0)
A36: =Plan!$B$4-90 | E36: =IF(N(B36)>0,E35+1,0)
A37: =Plan!$B$4-89 | E37: =IF(N(B37)>0,E36+1,0)
A38: =Plan!$B$4-88 | E38: =IF(N(B38)>0,E37+1,0)
A39: =Plan!$B$4-87 | E39: =IF(N(B39)>0,E38+1,0)
A40: =Plan!$B$4-86 | E40: =IF(N(B40)>0,E39+1,0)
A41: =Plan!$B$4-85 | E41: =IF(N(B41)>0,E40+1,0)
A42: =Plan!$B$4-84 | E42: =IF(N(B42)>0,E41+1,0)
A43: =Plan!$B$4-83 | E43: =IF(N(B43)>0,E42+1,0)
A44: =Plan!$B$4-82 | E44: =IF(N(B44)>0,E43+1,0)
A45: =Plan!$B$4-81 | E45: =IF(N(B45)>0,E44+1,0)
A46: =Plan!$B$4-80 | E46: =IF(N(B46)>0,E45+1,0)
A47: =Plan!$B$4-79 | E47: =IF(N(B47)>0,E46+1,0)
A48: =Plan!$B$4-78 | E48: =IF(N(B48)>0,E47+1,0)
A49: =Plan!$B$4-77 | E49: =IF(N(B49)>0,E48+1,0)
A50: =Plan!$B$4-76 | E50: =IF(N(B50)>0,E49+1,0)
A51: =Plan!$B$4-75 | E51: =IF(N(B51)>0,E50+1,0)
A52: =Plan!$B$4-74 | E52: =IF(N(B52)>0,E51+1,0)
A53: =Plan!$B$4-73 | E53: =IF(N(B53)>0,E52+1,0)
A54: =Plan!$B$4-72 | E54: =IF(N(B54)>0,E53+1,0)
A55: =Plan!$B$4-71 | E55: =IF(N(B55)>0,E54+1,0)
A56: =Plan!$B$4-70 | E56: =IF(N(B56)>0,E55+1,0)
A57: =Plan!$B$4-69 | E57: =IF(N(B57)>0,E56+1,0)
A58: =Plan!$B$4-68 | E58: =IF(N(B58)>0,E57+1,0)
A59: =Plan!$B$4-67 | E59: =IF(N(B59)>0,E58+1,0)
A60: =Plan!$B$4-66 | E60: =IF(N(B60)>0,E59+1,0)
A61: =Plan!$B$4-65 | E61: =IF(N(B61)>0,E60+1,0)
A62: =Plan!$B$4-64 | E62: =IF(N(B62)>0,E61+1,0)
A63: =Plan!$B$4-63 | E63: =IF(N(B63)>0,E62+1,0)
A64: =Plan!$B$4-62 | E64: =IF(N(B64)>0,E63+1,0)
A65: =Plan!$B$4-61 | E65: =IF(N(B65)>0,E64+1,0)
A66: =Plan!$B$4-60 | E66: =IF(N(B66)>0,E65+1,0)
A67: =Plan!$B$4-59 | E67: =IF(N(B67)>0,E66+1,0)
A68: =Plan!$B$4-58 | E68: =IF(N(B68)>0,E67+1,0)
A69: =Plan!$B$4-57 | E69: =IF(N(B69)>0,E68+1,0)
A70: =Plan!$B$4-56 | E70: =IF(N(B70)>0,E69+1,0)
A71: =Plan!$B$4-55 | E71: =IF(N(B71)>0,E70+1,0)
A72: =Plan!$B$4-54 | E72: =IF(N(B72)>0,E71+1,0)
A73: =Plan!$B$4-53 | E73: =IF(N(B73)>0,E72+1,0)
A74: =Plan!$B$4-52 | E74: =IF(N(B74)>0,E73+1,0)
A75: =Plan!$B$4-51 | E75: =IF(N(B75)>0,E74+1,0)
A76: =Plan!$B$4-50 | E76: =IF(N(B76)>0,E75+1,0)
A77: =Plan!$B$4-49 | E77: =IF(N(B77)>0,E76+1,0)
A78: =Plan!$B$4-48 | E78: =IF(N(B78)>0,E77+1,0)
A79: =Plan!$B$4-47 | E79: =IF(N(B79)>0,E78+1,0)
A80: =Plan!$B$4-46 | E80: =IF(N(B80)>0,E79+1,0)
A81: =Plan!$B$4-45 | E81: =IF(N(B81)>0,E80+1,0)
A82: =Plan!$B$4-44 | E82: =IF(N(B82)>0,E81+1,0)
A83: =Plan!$B$4-43 | E83: =IF(N(B83)>0,E82+1,0)
A84: =Plan!$B$4-42 | E84: =IF(N(B84)>0,E83+1,0)
A85: =Plan!$B$4-41 | E85: =IF(N(B85)>0,E84+1,0)
A86: =Plan!$B$4-40 | E86: =IF(N(B86)>0,E85+1,0)
A87: =Plan!$B$4-39 | E87: =IF(N(B87)>0,E86+1,0)
A88: =Plan!$B$4-38 | E88: =IF(N(B88)>0,E87+1,0)
A89: =Plan!$B$4-37 | E89: =IF(N(B89)>0,E88+1,0)
A90: =Plan!$B$4-36 | E90: =IF(N(B90)>0,E89+1,0)
A91: =Plan!$B$4-35 | E91: =IF(N(B91)>0,E90+1,0)
A92: =Plan!$B$4-34 | E92: =IF(N(B92)>0,E91+1,0)
A93: =Plan!$B$4-33 | E93: =IF(N(B93)>0,E92+1,0)
A94: =Plan!$B$4-32 | E94: =IF(N(B94)>0,E93+1,0)
A95: =Plan!$B$4-31 | E95: =IF(N(B95)>0,E94+1,0)
A96: =Plan!$B$4-30 | E96: =IF(N(B96)>0,E95+1,0)
A97: =Plan!$B$4-29 | E97: =IF(N(B97)>0,E96+1,0)
A98: =Plan!$B$4-28 | E98: =IF(N(B98)>0,E97+1,0)
A99: =Plan!$B$4-27 | E99: =IF(N(B99)>0,E98+1,0)
A100: =Plan!$B$4-26 | E100: =IF(N(B100)>0,E99+1,0)
A101: =Plan!$B$4-25 | E101: =IF(N(B101)>0,E100+1,0)
...

Sheet Week
A1: This week
A2: Monday to Sunday of the current week
A4: Week starts | B4: =TODAY()-WEEKDAY(TODAY(),3)
A5: Hours studied this week | B5: =SUMIFS('Daily log'!B6:B126,'Daily log'!A6:A126,">="&B4,'Daily log'!A6:A126,"<"&B4+7)
A6: Target hours this week | B6: =Plan!B9*7
A7: Revisions due by Sunday | B7: =COUNTIFS(Syllabus!F5:F200,"<"&B4+7,Syllabus!C5:C200,"Done")
A8: Topics still not started | B8: =COUNTIF(Syllabus!C5:C200,"Not started")

Sheet Sources
A1: Sources and weights
A2: Checked 16 Oct 2026
A19: Exam dates and organising institute: IIT Madras press release, iitm.ac.in (GATE 2027: 6, 7, 13, 14, 20, 21 Feb 2027; syllabus revised for 2027).
A20: CS 2027 syllabus changes: aspirantmitraa.com summary; the official syllabus is on gate2027.iitm.ac.in (always check it).
A21: Subject marks 2023–2025: GO Classes, 'A Strategic Analysis of Subject-wise Weightage Trends in GATE CSE (2023-2025)'. Engineering Mathematics 10 / 13 / 12; General Aptitude 15 every year.
A22: Weights guide your time; any subject can carry more marks in 2027.
